Job ID,Job URL,Job Title,Company Name,Status,Timestamp,WP ID
080eb879d220a956,https://ch.linkedin.com/jobs/view/zurich-cabin-crew-opportunities-dubai-based-relocation-provided-at-emirates-4432739906,"Zurich Cabin Crew Opportunities (Dubai Based, Relocation Provided)",,scraped,2026-07-07T00:05:25.048418,
4899abecb32a89a0,https://ch.linkedin.com/jobs/view/direttore-responsabile-di-stabilimento-at-gi-group-4436223471,Direttore Responsabile di Stabilimento,,scraped,2026-07-07T00:05:31.588000,
ac9adb215e2a27d1,https://ch.linkedin.com/jobs/view/funded-traineeships-for-young-graduates-at-the-eu-delegation-to-switzerland-and-liechtenstein-at-eubam-libya-4437116703,Funded traineeships for young graduates at the EU Delegation to Switzerland and Liechtenstein,,scraped,2026-07-07T00:06:42.453763,
f71d69aa1db96076,https://ch.linkedin.com/jobs/view/voice-narrator-fully-remote-upto-%24150-hr-at-mercor-4435017699,Voice Narrator - Fully Remote | Upto $150/hr,Mercor,posted,2026-07-07T00:08:08.370471,23
ed59a26b776c21c7,https://ch.linkedin.com/jobs/view/impiegata-hr-impiegato-hr-at-jobcourier-ch-4436019491,Impiegata HR / Impiegato HR,,scraped,2026-07-07T00:08:11.106992,
ec1b6d56cb6e5dd7,https://ch.linkedin.com/jobs/view/impiegato-in-logistica-u-d-n-100-%25-at-jobcourier-ch-4435718264,Impiegato in logistica (U/D/N) - 100 %,,scraped,2026-07-07T00:08:19.183597,
cede2fbf37ba11d5,https://ch.linkedin.com/jobs/view/un-una-capoprogetto-per-la-revisione-della-classificazione-svizzera-degli-interventi-chirurgici-chop-at-swiss-federal-statistical-office-fso-4435236309,Un/Una capoprogetto per la revisione della Classificazione Svizzera degli Interventi Chirurgici CHOP,,scraped,2026-07-07T00:08:27.500446,
e01ececdc4206ab4,https://ch.linkedin.com/jobs/view/direct-response-television-drtv-consultant-national-international-ecaro-geneva-switzerland-575r-eca-cluster-individual-giving-5-months-remote-work-at-unicef-4436716271,"Direct Response Television (DRTV) Consultant (national/international) - ECARO Geneva, Switzerland - 575R - ECA Cluster Individual Giving - 5 months - Remote work",UNICEF,posted,2026-07-07T00:09:47.988520,25
753cdfa5b52233aa,https://ch.linkedin.com/jobs/view/chief-executive-director-at-aru-lugano-ch-4433186840,Chief Executive Director,,scraped,2026-07-07T00:09:50.581978,
d7b7d762b48d4794,https://ch.linkedin.com/jobs/view/junior-controller-intern-at-zegna-4427030698,Junior controller intern,,scraped,2026-07-07T00:09:57.498954,
d73ca047d4e0d5e6,https://ch.linkedin.com/jobs/view/svp-customer-success-at-jobgether-4436083881,"SVP, Customer Success",,scraped,2026-07-07T00:10:04.080262,
4e8a484ca584ef96,https://ch.linkedin.com/jobs/view/head-of-transformation-cx-operations-at-jobgether-4434395872,"Head of Transformation, CX & Operations",,scraped,2026-07-07T00:10:10.530162,
3c5b8e00849c0d2e,https://ch.linkedin.com/jobs/view/nomos-architects-at-archinect-4435318379,NOMOS architects,Archinect,posted,2026-07-07T00:10:23.183176,27
690f0ff92ccb35fb,https://ch.linkedin.com/jobs/view/national-sales-manager-%E2%80%93-distribution-afterma-at-tecumseh-4433984475,National Sales Manager – Distribution & Afterma...,Tecumseh,posted,2026-07-07T00:10:33.298231,29
7857d3a5d8967458,https://ch.linkedin.com/jobs/view/guest-services-officer-at-royal-caribbean-group-4435597657,Guest Services Officer,Royal Caribbean Group,posted,2026-07-07T00:10:42.207621,31
bc2274712a513e7b,https://ch.linkedin.com/jobs/view/pr%C3%A9parateur-automobile-h-f-lausanne-at-tesla-4437165129,Préparateur Automobile (H/F) - Lausanne,Tesla,posted,2026-07-07T00:10:51.627616,33
66a7b3a08c590591,https://ch.linkedin.com/jobs/view/communication-assistant-g-5-ft-rome-italy-private-fund-raising-and-partnerships-%2300134127-open-to-eu-citizens-or-valid-italian-work-permit-holders-at-unicef-4436772158,"Communication Assistant, G-5, FT, Rome, Italy Private Fund Raising and Partnerships, #00134127 (Open to EU Citizens or Valid Italian Work Permit Holders)",UNICEF,posted,2026-07-07T00:11:00.565622,35
3dfdedebb52a5633,https://ch.linkedin.com/jobs/view/head-of-finance-cfo-at-fyst-4435820143,Head of Finance / CFO,,scraped,2026-07-07T00:11:03.466265,
d75d2ec824f538e5,https://ch.linkedin.com/jobs/view/business-manager-at-engelhart-4436495988,Business Manager,,scraped,2026-07-07T00:12:13.763965,
16b592a5da47724a,https://ch.linkedin.com/jobs/view/private-wealth-management-financial-analyst-analyst-geneva-at-goldman-sachs-4435473376,"Private Wealth Management, Financial Analyst, Analyst, Geneva",Goldman Sachs,posted,2026-07-07T00:13:31.798242,37
dae24e6b103eebee,https://ch.linkedin.com/jobs/view/sales-executive-at-harry-winston-4410036876,Sales Executive,Harry Winston,posted,2026-07-07T00:13:42.336683,39
cc45dc4e2c396583,https://ch.linkedin.com/jobs/view/marketing-director-defense-at-jobgether-4434323154,Marketing Director - Defense,,scraped,2026-07-07T00:13:44.930286,
20d3cd457061f8e8,https://ch.linkedin.com/jobs/view/customer-experience-manager-at-jobgether-4436065972,Customer Experience Manager,,scraped,2026-07-07T00:13:51.370155,
d0a8831f2471498f,https://ch.linkedin.com/jobs/view/data-scientist-at-jobgether-4434307267,Data Scientist,,scraped,2026-07-07T00:13:57.744939,
f3664b711bef99a5,https://ch.linkedin.com/jobs/view/hr-specialist-at-jobgether-4436221444,HR Specialist,,scraped,2026-07-07T00:15:07.689952,
6a1908286cca28e9,https://ch.linkedin.com/jobs/view/business-support-assistant-at-ignata-4420925701,Business Support Assistant,Ignata,posted,2026-07-07T00:15:58.657794,41
617743f9b102626c,https://ch.linkedin.com/jobs/view/brand-communications-pr-thought-leadership-manager-at-jobgether-4435782807,"Brand Communications, PR & Thought Leadership Manager",,scraped,2026-07-07T00:16:01.324308,
e0e5e982f3870847,https://ch.linkedin.com/jobs/view/responsable-administratif-et-charg%C3%A9-de-missions-80-100%25-at-valais4you-4436922357,Responsable administratif et chargé de missions 80-100%,,scraped,2026-07-07T00:16:07.737861,
9d1bdf7d396c99c8,https://ch.linkedin.com/jobs/view/investment-director-copenhagen-luxembourg-at-nature-development-company-4435530359,Investment Director (Copenhagen/Luxembourg),,scraped,2026-07-07T00:17:18.347302,
63b5e669013ca5f5,https://ch.linkedin.com/jobs/view/eor-business-operations-manager-at-jobgether-4435447475,EOR Business Operations Manager,,scraped,2026-07-07T00:17:27.153635,
7c44bff72d158a57,https://ch.linkedin.com/jobs/view/salarisprofessional-at-aaff-4397297102,Salarisprofessional,,scraped,2026-07-07T00:17:33.616762,
8d8b822ad6eab046,https://ch.linkedin.com/jobs/view/technician-100%25-at-chubb-fire-security-4436028448,Technician 100%,,scraped,2026-07-07T00:18:44.422569,
547aa709b047f8cb,https://ch.linkedin.com/jobs/view/trust-officer-at-capital-trustees-4433737928,Trust Officer,,scraped,2026-07-07T00:18:52.564827,
45dcdd16ac0de68f,https://ch.linkedin.com/jobs/view/room-attendant-m-w-d-at-mandarin-oriental-4427988969,Room Attendant (m/w/d),,scraped,2026-07-07T00:19:00.914473,
b0978fd680e9a586,https://ch.linkedin.com/jobs/view/mitarbeiter-in-kontrolle-zoll-genf-rive-droite-at-federal-office-for-customs-and-border-security-focbs-4435065118,Mitarbeiter/-in Kontrolle Zoll Genf rive droite,,scraped,2026-07-07T00:19:08.470279,
c1efdad6cc0c8a28,https://ch.linkedin.com/jobs/view/grutier-au-sol-at-pemsa-4435437054,Grutier au sol,,scraped,2026-07-07T00:20:20.580536,
e27ab77209e2bb60,https://ch.linkedin.com/jobs/view/isoleur-anti-feu-h-f-at-new-work-human-resources-4431578826,Isoleur anti-feu (H/F),,scraped,2026-07-07T00:21:33.085467,
29d5f91b3ae7d01d,https://ch.linkedin.com/jobs/view/formation-contr%C3%B4leur%C2%B7euse-de-la-circulation-a%C3%A9rienne-gen%C3%A8ve-at-skyguide-4435581190,Formation contrôleur·euse de la circulation aérienne - Genève,,scraped,2026-07-07T00:21:42.150622,
d574e212ba8afd1c,https://ch.linkedin.com/jobs/view/barkeeper-basel-at-luigia-restaurants-4435553703,BARKEEPER BASEL,,scraped,2026-07-07T00:21:50.347856,
9174ee1184221938,https://ch.linkedin.com/jobs/view/allrounder-hausbursche-techniker-m-w-d-at-hotel-alpenblick-4436211582,Allrounder/ Hausbursche/ Techniker m/w/d,,scraped,2026-07-07T00:21:58.126076,
9242f3eab896e017,https://ch.linkedin.com/jobs/view/b%C3%A4cker-in-und-konditor-in-at-tea-room-frutiger-4433778970,Bäcker/in und Konditor/in,Tea-room Frutiger,posted,2026-07-07T00:22:14.284955,43
459fd4171148b576,https://ch.linkedin.com/jobs/view/hauswart-building-manager-80-100%25-a-at-green-4427041759,Hauswart / Building Manager 80 - 100% (a),,scraped,2026-07-07T00:22:16.846333,
f835dace665ed55e,https://ch.linkedin.com/jobs/view/assistant-accommodation-manager-at-moriarty-group-4433127779,Assistant Accommodation Manager,Moriarty Group,posted,2026-07-07T00:23:40.621811,45
b6dce4ca51d9ee83,https://ch.linkedin.com/jobs/view/sales-development-representative-boostbar-lausanne-100%25-at-boost-inc-4433109787,"Sales Development Representative, Boostbar - Lausanne (100%)",,scraped,2026-07-07T00:23:43.218721,
33dea12c9eb90b3a,https://ch.linkedin.com/jobs/view/material-planner-at-abb-4432031501,Material Planner,,scraped,2026-07-07T00:23:50.598431,
83e729f99a2c2e05,https://ch.linkedin.com/jobs/view/educational-sales-representative-remote-at-varsity-tutors-a-nerdy-company-4424803575,Educational Sales Representative (Remote),"Varsity Tutors, a Nerdy Company",posted,2026-07-07T00:25:09.519111,47
e8cd381a7c80cb53,https://ch.linkedin.com/jobs/view/fiscaliste-at-grafton-recruitment-4437198799,Fiscaliste,,scraped,2026-07-07T00:25:12.158450,
cab8dd69acc9d73b,https://ch.linkedin.com/jobs/view/autista-autobus-settore-turismo-cat-d-60%25-80%25-at-mattei-viaggi-sagl-4437469452,Autista autobus settore turismo (cat. D) 60% / 80%,,scraped,2026-07-07T00:25:19.414794,
b924c791d08f9cb7,https://ch.linkedin.com/jobs/view/fahrzeugaufbereiter-100%25-m-w-at-mercedes-benz-automobil-ag-4436498219,Fahrzeugaufbereiter 100% (m/w),,scraped,2026-07-07T00:25:30.604775,
a1e80a5ef0a32f26,https://ch.linkedin.com/jobs/view/store-manager-trainee-a-80-100%25-f%C3%BCr-die-region-bern-at-jysk-4433109393,Store Manager Trainee (a) 80-100% für die Region Bern,,scraped,2026-07-07T00:26:41.889534,
dbbc550e66bca12d,https://ch.linkedin.com/jobs/view/service-bar-allrounder-m-w-50-70%25-evt-ausbaubar-bei-guter-eignung-at-silo-bar-events-gallery-4435817772,SERVICE & BAR ALLROUNDER (m/w) 50-70% (evt. ausbaubar bei guter Eignung),,scraped,2026-07-07T00:26:48.249381,
4be80f2a0cf22fb4,https://ch.linkedin.com/jobs/view/mitarbeitende-r-strassenunterhaltsdienst-m-w-d-at-kanton-st-gallen-4407349794,Mitarbeitende/r Strassenunterhaltsdienst (m/w/d),Kanton St.Gallen,posted,2026-07-07T00:27:43.344719,49
a3d39f4070fe1d17,https://ch.linkedin.com/jobs/view/dachdecker-at-excellent-personaldienstleistungen-sursee-ag-4437160237,Dachdecker,Excellent Personaldienstleistungen Sursee AG,posted,2026-07-07T00:27:51.715431,51
57add14fa566c4fe,https://ch.linkedin.com/jobs/view/gestore-immobiliare-at-gi-group-4435443035,Gestore Immobiliare,,scraped,2026-07-07T00:27:54.303097,
58a6c2d015933f2a,https://ch.linkedin.com/jobs/view/bar-service-mitarbeiter-40-60%25-at-don-weber-4432384078,Bar_Service Mitarbeiter 40-60%,Don Weber,posted,2026-07-07T00:28:16.727300,53
f285e0ffec3714f8,https://ch.linkedin.com/jobs/view/dba-production-f-h-at-team-partners-suisse-sa-groupe-bluesoft-4436239802,DBA Production (F/H),TEAM PARTNERS Suisse SA - Blue Soft,posted,2026-07-07T00:29:06.536176,55
6bf9236e46006eb1,https://ch.linkedin.com/jobs/view/forvalter-va-at-f%C3%A6rder-kommune-4436337738,Forvalter VA,,scraped,2026-07-07T00:29:09.223217,
cafdee5998f27310,https://ch.linkedin.com/jobs/view/r%C3%A9gleur-de-ligne-plieuse-colleuse-h-f-at-autajon-group-4435464591,Régleur de ligne (plieuse-colleuse) (H/F),,scraped,2026-07-07T00:29:16.117492,
df5a6ae3fbc8d79d,https://ch.linkedin.com/jobs/view/groomer-m-w-d-bei-barber-pet-4436950800,Groomer (m/w/d) bei Barber Pet,Barber Pet,posted,2026-07-07T00:29:28.886350,57
66278c1079b235a6,https://ch.linkedin.com/jobs/view/audioprotesista-4426502813,Audioprotesista,AUDIO Centro Acustico Sagl,posted,2026-07-07T00:29:37.296273,59
7b0f11c55f61a94a,https://ch.linkedin.com/jobs/view/startup-founder-ceo-at-dqventures-4437131284,Startup Founder & CEO,DQventures,posted,2026-07-07T00:29:50.713891,61
8d87d16f4cacb3a2,https://ch.linkedin.com/jobs/view/customer-support-agent-tier-1-at-jobgether-4434198713,Customer Support Agent Tier 1,,scraped,2026-07-07T00:29:53.391790,
3f24af99d23a2790,https://ch.linkedin.com/jobs/view/senior-manager-technical-program-management-at-jobgether-4435425751,Senior Manager - Technical Program Management,,scraped,2026-07-07T00:29:59.836644,
0e61bea3e8ec8497,https://ch.linkedin.com/jobs/view/global-head-of-strategic-supply-at-givaudan-4434652560,Global Head of Strategic Supply,,scraped,2026-07-07T00:30:06.391288,
3fc8734e5aa83798,https://ch.linkedin.com/jobs/view/accompagnateur-trice-s%C3%A9curit%C3%A9-ferroviaire-100%25-h-f-at-domino-swiss-hr-4435205765,Accompagnateur(trice) Sécurité Ferroviaire 100% (H/F),,scraped,2026-07-07T00:30:13.308470,
4420a5928c0ed11a,https://ch.linkedin.com/jobs/view/store-manager-assistant-m-w-d-it-at-only-stores-germany-4433166591,STORE MANAGER ASSISTANT (M/W/D) - it,ONLY Stores Germany,posted,2026-07-07T00:31:37.227594,63
d8f48cd9fc5f5635,https://ch.linkedin.com/jobs/view/relationship-manager-hnwi-at-ubs-4435431517,Relationship Manager - HNWI,UBS,posted,2026-07-07T00:31:50.859649,65
2910f89050c62808,https://ch.linkedin.com/jobs/view/spa-attendant-60%25-at-villars-alpine-resort-4431957430,Spa Attendant 60%,,scraped,2026-07-07T00:31:53.402534,
5861c7bc4440b9ec,https://ch.linkedin.com/jobs/view/study-nurse-1-jahr-befristet-option-auf-verl%C3%A4ngerung-at-insel-gruppe-4433184738,"Study Nurse - 1 Jahr befristet, Option auf Verlängerung",,scraped,2026-07-07T00:32:00.246442,
9bb5f1bc6c080b5d,https://ch.linkedin.com/jobs/view/plongeur-at-valais4you-4436919385,PLONGEUR,,scraped,2026-07-07T00:32:08.910798,
5609e7c634ae9347,https://ch.linkedin.com/jobs/view/r%C3%A9alisateur-trice-publicitaire-at-valais4you-4436911791,Réalisateur(trice) publicitaire,,scraped,2026-07-07T00:32:15.915202,
388449f02e213e11,https://ch.linkedin.com/jobs/view/technical-author-multiple-roles-and-seniority-levels-at-jobgether-4435778375,Technical Author (multiple roles and seniority levels),,scraped,2026-07-07T00:32:22.841154,
2785274dcf26d344,https://ch.linkedin.com/jobs/view/technicien-audiovisuel-et-multime%CC%81dia-at-umanova-sa-4436332917,Technicien Audiovisuel Et Multimédia,,scraped,2026-07-07T00:32:29.123050,
bacfec6c0124c3b3,https://ch.linkedin.com/jobs/view/brand-activation-manager-at-dickies%C2%AE-4434668489,Brand Activation Manager,Dickies®,posted,2026-07-07T00:32:44.013953,67
0bc4a4a8426ead7a,https://ch.linkedin.com/jobs/view/junior-project-manager-100%25-at-oxygen-at-work-4433171508,Junior Project Manager 100%,,scraped,2026-07-07T00:32:46.703539,
dc2b54b014017861,https://ch.linkedin.com/jobs/view/product-analyst-muslima-at-jobgether-4435436094,Product Analyst (Muslima),,scraped,2026-07-07T00:33:57.210345,
3ec4fbe520232b42,https://ch.linkedin.com/jobs/view/store-design-and-planning-project-manager-hq-at-piaget-4435202359,Store Design and Planning Project Manager - HQ,,scraped,2026-07-07T00:34:03.666566,
d5ff9f62c41df047,https://ch.linkedin.com/jobs/view/digital-marketing-specialist-at-jobgether-4435790541,Digital Marketing Specialist,,scraped,2026-07-07T00:35:14.865314,
be8203623b47b6af,https://ch.linkedin.com/jobs/view/senior-procurement-specialist-at-emea-recruitment-4432756892,Senior Procurement Specialist,,scraped,2026-07-07T00:35:21.439564,
c1bf7b3ad2f1f010,https://ch.linkedin.com/jobs/view/business-analyst-at-elize-partners-4436179928,Business Analyst,,scraped,2026-07-07T00:35:29.315576,
452c7fafc3e8deef,https://ch.linkedin.com/jobs/view/head-of-supply-chain-management-at-upto-flottenmanagement-%E2%80%93-ein-brand-der-axa-mobility-services-ag-4433101490,Head of Supply Chain Management,,scraped,2026-07-07T00:35:35.940997,
a81cd6898d306185,https://ch.linkedin.com/jobs/view/svp-business-development-at-keyfactor-4416586673,"SVP, Business Development",Keyfactor,posted,2026-07-07T00:35:50.019446,69
e3f45a74e7e4b3a9,https://ch.linkedin.com/jobs/view/supplier-quality-manager-at-emea-recruitment-4432377932,Supplier Quality Manager,,scraped,2026-07-07T00:35:52.620653,
723e899b15f956a0,https://ch.linkedin.com/jobs/view/product-content-education-manager-at-clinique-la-prairie-4436313048,Product Content & Education Manager,,scraped,2026-07-07T00:37:04.111645,
eeca8434bd805310,https://ch.linkedin.com/jobs/view/junior-key-account-manager-at-jobgether-4432304811,Junior Key Account Manager,,scraped,2026-07-07T00:37:12.553443,
997618f6327530c0,https://ch.linkedin.com/jobs/view/op%C3%A9rateur-trice-de-num%C3%A9risation-h-f-at-jobcourier-ch-4435280868,Opérateur(trice) de numérisation (H/F),,scraped,2026-07-07T00:38:22.482269,
ad858bff388f4377,https://ch.linkedin.com/jobs/view/professeur-particulier-toutes-mati%C3%A8res-h-f-%E2%80%93-neuch%C3%A2tel-at-apprentus-4434633689,Professeur particulier toutes matières H/F – Neuchâtel,,scraped,2026-07-07T00:39:34.697557,
4008a91750ba9893,https://ch.linkedin.com/jobs/view/professeur-particulier-toutes-mati%C3%A8res-h-f-%E2%80%93-neuch%C3%A2tel-at-apprentus-4434650072,Professeur particulier toutes matières H/F – Neuchâtel,,scraped,2026-07-07T00:40:45.309000,
e3801276c0dd3806,https://ch.linkedin.com/jobs/view/content-marketer-at-jobgether-4435786192,Content Marketer,,scraped,2026-07-07T00:40:51.912083,
72a0c082624b3510,https://ch.linkedin.com/jobs/view/client-relationship-manager-assistant-at-j-safra-sarasin-4436745270,Client Relationship Manager Assistant,,scraped,2026-07-07T00:40:58.439699,
61068493412dc0ef,https://ch.linkedin.com/jobs/view/architektin-architekt-80-100%25-at-r%C3%B6ck-baggenstos-item-eyer-architekten-ag-4435536569,Architektin/Architekt 80-100%,,scraped,2026-07-07T00:41:06.542342,
d123eb6316ca7442,https://ch.linkedin.com/jobs/view/business-manager-f-h-gen%C3%A8ve-at-alpineo-consulting-4435154988,Business Manager (F/H) - Genève,,scraped,2026-07-07T00:42:19.429828,
9b5b43d1821b4ab6,https://ch.linkedin.com/jobs/view/en-freelance-trainer-at-osam-4433959205,EN - Freelance Trainer,OSAM,posted,2026-07-07T00:44:43.820330,71
7716663fceebfec5,https://ch.linkedin.com/jobs/view/business-data-analyst-at-tata-consultancy-services-4436089716,Business Data Analyst,Tata Consultancy Services,posted,2026-07-07T00:44:55.231664,73
26024ac84a3df344,https://ch.linkedin.com/jobs/view/trainer-education-user-support-100%25-at-ayus-clinics-4432317881,"Trainer, Education & User Support (100%)",Ayus Clinics,posted,2026-07-07T00:45:07.985364,75
daa8b7b1a3d89c55,https://ch.linkedin.com/jobs/view/project-coordinator-early-warning-early-action-ewea-at-international-federation-of-red-cross-and-red-crescent-societies-ifrc-4434735419,"Project Coordinator, Early Warning Early Action (EWEA)",,scraped,2026-07-07T00:45:10.686140,
348ecc1531791c25,https://ch.linkedin.com/jobs/view/spontaneous-application-here-at-optotune-4432750595,Spontaneous application here,,scraped,2026-07-07T00:45:18.209358,
1d1de0b788d54793,https://ch.linkedin.com/jobs/view/head-of-product-core-team-at-jobgether-4434606647,Head of Product - Core Team,,scraped,2026-07-07T00:45:26.511896,
5db8f8a7e8eea88a,https://ch.linkedin.com/jobs/view/junior-social-media-manager-at-twine-4433950234,Junior Social Media Manager,,scraped,2026-07-07T00:46:36.597785,
5d7cfff6713359a9,https://ch.linkedin.com/jobs/view/senior-product-operations-manager-at-jobgether-4434301759,Senior Product Operations Manager,,scraped,2026-07-07T00:47:46.564310,
f9a422adfe9f1f7e,https://ch.linkedin.com/jobs/view/network-engineer-at-deloitte-4435057192,Network Engineer,Deloitte,posted,2026-07-07T00:49:04.863814,77
6b3c6e07791c3fd3,https://ch.linkedin.com/jobs/view/senior-finance-director-technology-fp-a-at-infiniium-ltd-4434680294,Senior Finance Director - Technology FP&A,,scraped,2026-07-07T00:49:07.603567,
b018495d153849e2,https://ch.linkedin.com/jobs/view/desktop-support-engineer-geneva-local-candidates-only-at-giga-ops-global-solutions-4435429622,Desktop Support Engineer - Geneva (LOCAL CANDIDATES ONLY),GiGa-Ops Global Solutions,posted,2026-07-07T00:50:27.148188,79
95116e2967bf3c6f,https://ch.linkedin.com/jobs/view/remote-user-interface-designer-%E2%80%93-junior-freelance-role-at-twine-4424875574,Remote User Interface Designer – Junior Freelance Role,,scraped,2026-07-07T00:50:29.788865,
10660ef961531536,https://ch.linkedin.com/jobs/view/remote-video-editor-%E2%80%93-junior-contract-at-twine-4425783633,Remote Video Editor – Junior Contract,,scraped,2026-07-07T00:50:36.074860,
b89787cdf4b1a60f,https://ch.linkedin.com/jobs/view/visual-art-producer-ai-led-at-aepsy-4433195892,Visual Art Producer (AI-led),,scraped,2026-07-07T00:50:42.299907,
9266a5a9585b7253,https://ch.linkedin.com/jobs/view/sertisseur-h-f-x-at-jobcourier-ch-4435295386,Sertisseur [H/F/X],jobcourier.ch,posted,2026-07-07T00:52:38.705313,81
8a063e8e03ca188f,https://ch.linkedin.com/jobs/view/r%C3%A9ceptionniste-spa-h-f-at-la-r%C3%A9serve-gen%C3%A8ve-hotel-and-spa-4433938755,Réceptionniste Spa (H/F),La Réserve Genève - Hotel and Spa,posted,2026-07-07T00:52:52.064032,83
91521bdc958e72dd,https://ch.linkedin.com/jobs/view/remote-social-media-manager-%E2%80%93-tiktok-shop-at-twine-4429249950,Remote Social Media Manager – TikTok Shop,,scraped,2026-07-07T00:52:54.657664,
731f0e44102a3efb,https://ch.linkedin.com/jobs/view/freelance-video-editor-%E2%80%93-remote-at-twine-4433948322,Freelance Video Editor – Remote,,scraped,2026-07-07T00:54:04.558148,
c13a75b568b8c858,https://ch.linkedin.com/jobs/view/k%C3%B6chin-koch-efz-at-merian-iselin-klinik-f%C3%BCr-orthop%C3%A4die-und-chirurgie-4431917977,Köchin / Koch EFZ,,scraped,2026-07-07T00:55:14.415470,
316d908f48fe2f48,https://ch.linkedin.com/jobs/view/tester-qa-engineer-at-jobgether-4435210889,Tester / QA Engineer,,scraped,2026-07-07T00:56:25.127571,
82ec23890fcabd33,https://ch.linkedin.com/jobs/view/assistant-e-organisation-at-university-of-geneva-4434197378,Assistant-e organisation,Université de Genève,posted,2026-07-07T00:57:43.660682,85
2482704deea92d84,https://ch.linkedin.com/jobs/view/op%C3%A9rateur-de-production-h-f-%C3%A0-100%25%E2%80%93-r%C3%A9gion-de-nyon-temporaire-at-valjob-4435599784,Opérateur de Production H/F à 100%– Région de Nyon / Temporaire,,scraped,2026-07-07T00:57:46.243249,
afa959b6f2892f08,https://ch.linkedin.com/jobs/view/chef-de-projet-organisation-at-van-cleef-arpels-4417857129,Chef de projet Organisation,Van Cleef & Arpels,posted,2026-07-07T00:58:36.657882,87
08107b59a334acf6,https://ch.linkedin.com/jobs/view/executive-assistant-at-ita%C3%BA-private-bank-zurich-4431993287,Executive Assistant,Itaú Private Bank Zurich,posted,2026-07-07T00:59:57.498207,89
deaaa27e8918c860,https://ch.linkedin.com/jobs/view/recruitment-team-lead-at-jobgether-4435738299,Recruitment Team Lead,,scraped,2026-07-07T01:00:00.113154,
abd7013ed1f02572,https://ch.linkedin.com/jobs/view/member-of-the-board-of-advisors-at-westfield-fc-4436075119,Member of the Board of Advisors,,scraped,2026-07-07T01:00:07.761472,
354583afb45e832e,https://ch.linkedin.com/jobs/view/multi-country-representative-for-mena-based-in-amman-link-for-internal-applicants-only-at-impact-initiatives-4431551292,"Multi Country Representative for MENA, based in Amman (Link For Internal Applicants only)",IMPACT Initiatives,posted,2026-07-07T01:00:24.952120,91
bc1c3b70f01ca5e9,https://ch.linkedin.com/jobs/view/fundraiser-in-public-fundraising-60-%25-at-j%C3%B6rg-lienert-ag-4436352086,Fundraiser:in Public Fundraising 60 %,,scraped,2026-07-07T01:00:27.583103,
e4e15efec3f311f8,https://ch.linkedin.com/jobs/view/mitarbeiter-in-airport-fire-service-afs-100-%25-at-schutz-rettung-z%C3%BCrich-4436086296,"Mitarbeiter*in Airport Fire Service (AFS), 100 %",,scraped,2026-07-07T01:01:39.084310,
b4224155385b13df,https://ch.linkedin.com/jobs/view/gipser-efz-eba-m-w-d-at-pemsa-schweiz-4435448972,Gipser EFZ / EBA (m/w/d),,scraped,2026-07-07T01:01:47.024434,
d37dc5eac51ae118,https://ch.linkedin.com/jobs/view/spengler-m-w-at-hans-leutenegger-sa-lausanne-4435017727,Spengler (m/w),,scraped,2026-07-07T01:01:56.098382,
e266f205ead2bfad,https://ch.linkedin.com/jobs/view/penetration-tester-at-immunit-4436255580,Penetration Tester,,scraped,2026-07-07T01:02:03.819286,
483f3dbe6b9dc686,https://ch.linkedin.com/jobs/view/aide-ferblantier-couvreur-h-f-100%25-at-valais4you-4436919381,Aide-ferblantier/couvreur H/F - 100%,,scraped,2026-07-07T01:02:11.295281,
8ad7a87d1b076602,https://ch.linkedin.com/jobs/view/aspirant-conducteur-d-autobus-aspirante-conductrice-d-autobus-studentjob-ch-at-jobster-4435793295,Aspirant conducteur d'autobus / Aspirante conductrice d'autobus - Studentjob.ch,,scraped,2026-07-07T01:02:18.238853,
49c95e4a81fb05b5,https://ch.linkedin.com/jobs/view/crew-member-m-w-d-at-burgermeister-schweiz-ag-4437160311,Crew-Member (m/w/d),,scraped,2026-07-07T01:02:31.990743,
1cfe611b57bf617a,https://ch.linkedin.com/jobs/view/teammember-treuhand-60-100%25-at-gramoba-ag-4436355445,Teammember Treuhand 60-100%,,scraped,2026-07-07T01:02:39.483273,
59073b305824b5b1,https://ch.linkedin.com/jobs/view/chauffeure-chauffeuse-at-holcim-schweiz-suisse-svizzera-4436383693,Chauffeure/Chauffeuse,,scraped,2026-07-07T01:03:49.321890,
2f11a8d198ee6289,https://ch.linkedin.com/jobs/view/it-service-delivery-at-ubp-union-bancaire-priv%C3%A9e-4429537748,IT SERVICE DELIVERY,UBP - Union Bancaire Privée,posted,2026-07-07T01:05:09.028481,93
07e37a3c286a8f95,https://ch.linkedin.com/jobs/view/responsabile-del-settore-relazioni-internazionali-at-federal-food-safety-and-veterinary-office-fsvo-4434344030,Responsabile del settore Relazioni internazionali,,scraped,2026-07-07T01:05:11.618252,
589080b039a1831e,https://ch.linkedin.com/jobs/view/vice-president-director-%E2%80%93-group-m-a-healthcare-buy-build-at-everet-marsh-4435543210,Vice President / Director – Group M&A (Healthcare Buy & Build),,scraped,2026-07-07T01:06:23.614035,
799c2f1f34818311,https://ch.linkedin.com/jobs/view/logistiker-in-at-sch%C3%B6ni-fulfillment-ag-4436732103,Logistiker/-in,,scraped,2026-07-07T01:07:40.819411,
b00d38eb5553e11b,https://ch.linkedin.com/jobs/view/gesch%C3%A4ftsf%C3%BChrer-in-100%25-at-two-spice-4435221096,Geschäftsführer:in 100%,Two Spice,posted,2026-07-07T01:08:03.871914,95
275b25927337238b,https://ch.linkedin.com/jobs/view/international-sales-manager-at-yer-usa-4436222995,International Sales Manager,,scraped,2026-07-07T01:08:06.519671,
20baba738815f226,https://ch.linkedin.com/jobs/view/china-affairs-strategy-intern-at-richemont-4434355016,China Affairs & Strategy Intern,,scraped,2026-07-07T01:08:13.995320,
56cd4efbb7b18fc4,https://ch.linkedin.com/jobs/view/business-analyst-h-f-at-redsen-4433951577,Business Analyst H/F,,scraped,2026-07-07T01:08:20.483796,
05ffa9374e7a9e72,https://ch.linkedin.com/jobs/view/r-d-project-manager-shoulder-sportsmed-at-medacta-international-4431591655,R&D Project Manager Shoulder SportsMed,,scraped,2026-07-07T01:09:31.192572,
7860581e097a41f7,https://ch.linkedin.com/jobs/view/gerente-at-randstad-switzerland-4433181322,Gerente,,scraped,2026-07-07T01:09:38.563855,
7d5c59aaf082ffcf,https://ch.linkedin.com/jobs/view/archivist-in-all-100%25-at-alpiq-4437155775,Archivist:in (all) 100%,,scraped,2026-07-07T01:09:45.284643,
b58c8743dd3ee7a4,https://ch.linkedin.com/jobs/view/store-visual-merchandiser-f-m-d-60%25-in-buchs-sg-at-c-a-4416250195,Store Visual Merchandiser (f/m/d) 60% in Buchs SG,,scraped,2026-07-07T01:09:52.226041,
3f1df837b8b57a4f,https://ch.linkedin.com/jobs/view/mitarbeiter-kanalreinigung-m-w-d-100%25-at-furore-kanalservice-gmbh-4432772888,Mitarbeiter Kanalreinigung (m/w/d) 100%,Furore Kanalservice GmbH,posted,2026-07-07T01:10:09.150561,97
11aec4f116c54072,https://ch.linkedin.com/jobs/view/payroll-spezialist-in-fachspezialist-in-payroll-80%E2%80%93100%25-at-albedis-4435573836,Payroll Spezialist:in / Fachspezialist:in Payroll 80–100%,,scraped,2026-07-07T01:10:11.752107,
4b2476767541124c,https://ch.linkedin.com/jobs/view/s%C3%A9rigraphe-at-empreintex-s%C3%A0rl-4435554089,Sérigraphe,,scraped,2026-07-07T01:12:28.179030,
c7961bfc6b8422d6,https://ch.linkedin.com/jobs/view/team-coordinator-regional-agenda-india-and-south-asia-at-world-economic-forum-4435525693,"Team Coordinator, Regional Agenda, India and South Asia",World Economic Forum,posted,2026-07-07T01:12:46.870752,99
6194387bd42fbb2b,https://ch.linkedin.com/jobs/view/data-engineer-at-skillsherpa-4433930632,Data Engineer,SkillSherpa,posted,2026-07-07T01:13:00.203547,101
68aacba03ca8c16f,https://ch.linkedin.com/jobs/view/payroll-benefits-specialist-100%25-at-medartis-4425300392,Payroll & Benefits Specialist 100%,,scraped,2026-07-07T01:13:03.230910,
788e7890a5b22509,https://ch.linkedin.com/jobs/view/assesseur-e-ing%C3%A9nieur-e-civil-e-aupr%C3%A8s-de-la-commission-d-expropriation-at-service-de-l-orientation-professionnelle-sopfa-amt-f%C3%BCr-berufsberatung-bea-4435792461,Assesseur-e (ingénieur-e civil-e) auprès de la Commission d'expropriation,,scraped,2026-07-07T01:13:11.048869,
d6067e26c80d0acf,https://ch.linkedin.com/jobs/view/operations-manager-m-w-d-at-thommen-group-4435827272,Operations Manager (m/w/d),,scraped,2026-07-07T01:13:18.812296,
651cb1afe418ab3b,https://ch.linkedin.com/jobs/view/supply-chain-intern-w-m-d-at-louis-vuitton-4437418832,Supply Chain Intern (W/M/D),Louis Vuitton,posted,2026-07-07T01:13:36.528987,103
69bc1e4ac1cccfb5,https://ch.linkedin.com/jobs/view/investigator-2-positions-temporary-job-opening-p3%0Ajob-id-280136-at-urban-resilience-hub-by-un-habitat-s-crgp-4436979063,"INVESTIGATOR (2 positions) (Temporary Job Opening), P3
Job ID : 280136",,scraped,2026-07-07T01:13:39.375560,
dd83fd40f8b2a2f0,https://ch.linkedin.com/jobs/view/analytics-business-operations-associate-at-viscadia-4435207937,Analytics & Business Operations Associate,,scraped,2026-07-07T01:14:51.049436,
3e9a865f6d0a5579,https://ch.linkedin.com/jobs/view/technical-program-manager-tpm-at-jobgether-4436084280,Technical Program Manager (TPM),,scraped,2026-07-07T01:15:05.603351,
52ac7765732f6404,https://ch.linkedin.com/jobs/view/psp-financial-analyst-at-jobgether-4435473092,PSP Financial Analyst,,scraped,2026-07-07T01:15:12.099246,
a9514069aa3b84a2,https://ch.linkedin.com/jobs/view/data-scientist-100%25-at-mdpi-4428110943,Data Scientist (100%),MDPI,posted,2026-07-07T01:16:32.956006,105
dc11af0b56262ed6,https://ch.linkedin.com/jobs/view/coordinateur-technique-%C3%A9v%C3%A9nementiel-60-100%25-cdi-h-f-d-at-jobcourier-ch-4434381618,Coordinateur technique événementiel 60-100% CDI (H/F/D),,scraped,2026-07-07T01:16:35.574881,
cb79c7f5e31c778c,https://ch.linkedin.com/jobs/view/real-estate-photographer-at-backbone-4436755124,Real Estate Photographer,,scraped,2026-07-07T01:17:47.463078,
c5690967ed7967f4,https://ch.linkedin.com/jobs/view/content-creator-trainee-at-ef-4425279959,Content Creator Trainee,,scraped,2026-07-07T01:18:58.000499,
6707329f352a73d1,https://ch.linkedin.com/jobs/view/business-development-executive-at-fujitsu-4424172326,Business Development Executive,,scraped,2026-07-07T01:19:05.222536,
7276f2b132b09674,https://ch.linkedin.com/jobs/view/associate-economic-affairs-officer-2-posts-p2%0Ajob-id-278111-at-urban-resilience-hub-by-un-habitat-s-crgp-4435538171,"ASSOCIATE ECONOMIC AFFAIRS OFFICER (2 posts), P2
Job ID : 278111",,scraped,2026-07-07T01:19:12.525285,
13924bc5c0997ec2,https://ch.linkedin.com/jobs/view/business-manager-at-antaes-consulting-4433702036,Business Manager,,scraped,2026-07-07T01:19:20.352093,
027ce30412a4b714,https://ch.linkedin.com/jobs/view/fi-administration-business-support-2-at-corn%C3%A8r-banca-sa-4436051387,FI Administration & Business Support (2),,scraped,2026-07-07T01:19:27.438856,
e5de0e42fbd275db,https://ch.linkedin.com/jobs/view/manager-of-m-capsules-4-6-ans-d-exp-%C3%A0-80%25-%C3%A9volutif-at-matignon-m%C3%A9decine-esth%C3%A9tique-4431942773,Manager of M-Capsules (4-6 ans d'exp.) à 80% (évolutif),,scraped,2026-07-07T01:20:39.169261,
197b7a880e6eebc9,https://ch.linkedin.com/jobs/view/atlas-detector-installation-technician-ep-atl-po-2026-178-grae-at-cern-4432762037,ATLAS Detector Installation Technician (EP-ATL-PO-2026-178-GRAE),,scraped,2026-07-07T01:20:47.728212,
d4216e143531799e,https://ch.linkedin.com/jobs/view/pricing-manager-at-jobgether-4431998889,Pricing Manager,,scraped,2026-07-07T01:21:59.054964,
0f08daef03927a95,https://ch.linkedin.com/jobs/view/tiktok-shop-specialist-at-jobgether-4436219409,TikTok Shop Specialist,,scraped,2026-07-07T01:22:05.730771,
af6e5a4b606a1014,https://ch.linkedin.com/jobs/view/global-apparel-designer-at-icebreaker-4425505036,Global Apparel Designer,,scraped,2026-07-07T01:22:12.131711,
291772f414970d50,https://ch.linkedin.com/jobs/view/administrative-specialist-at-supalifeco-4437159421,Administrative Specialist,,scraped,2026-07-07T01:22:19.031120,
c183336c8e385701,https://ch.linkedin.com/jobs/view/carrossier%C2%B7%C3%A8re-confirm%C3%A9%C2%B7e-x-f-h-100-%25-at-jobcourier-ch-4436053531,Carrossier·ère confirmé·e (X/F/H) / 100 %,,scraped,2026-07-07T01:22:25.250987,
2e2645fa61b6501c,https://ch.linkedin.com/jobs/view/bouch%C3%A8re-boucher-charcuti%C3%A8re-charcutier-f-h-d-at-coop-4436084113,Bouchère - Boucher / Charcutière - Charcutier (f/h/d),,scraped,2026-07-07T01:22:34.046616,
36b548d86b7a03a4,https://ch.linkedin.com/jobs/view/schreiner-m-w-d-at-jobcourier-ch-4435299284,Schreiner m/w/d,,scraped,2026-07-07T01:22:40.819989,
a54d17511af28a0d,https://ch.linkedin.com/jobs/view/bauarbeiter-b-m-w-d-at-jobcourier-ch-4435278965,Bauarbeiter B - m/w/d,,scraped,2026-07-07T01:22:49.374222,
6c94c2dd9eee60f0,https://ch.linkedin.com/jobs/view/b%C3%A4cker-in-konditor-in-hausb%C3%A4ckerei-at-coop-4426298892,Bäcker:in - Konditor:in Hausbäckerei,,scraped,2026-07-07T01:24:01.431033,
b08f64fbb8f3f3ba,https://ch.linkedin.com/jobs/view/charpentier-charpenti%C3%A8re-autonome-h-f-d-at-jobcourier-ch-4435001998,Charpentier / charpentière autonome (H/F/D),,scraped,2026-07-07T01:25:11.836439,
a49454cd88ec8b5e,https://ch.linkedin.com/jobs/view/aspirant-in-stv-gesch%C3%A4ftsf%C3%BChrer-in-at-coop-4426047570,Aspirant:in Stv. Geschäftsführer:in,,scraped,2026-07-07T01:25:20.834992,
72b967d88c236fc5,https://ch.linkedin.com/jobs/view/quereinstieg-lokf%C3%BChrer-in-personenverkehr-03-2027-at-sbb-cff-ffs-4437163519,Quereinstieg Lokführer:in Personenverkehr 03/2027,,scraped,2026-07-07T01:25:27.693622,
4fa42cb516e33110,https://ch.linkedin.com/jobs/view/rayonleiter-in-nonfood-at-coop-4426075891,Rayonleiter:in Nonfood,,scraped,2026-07-07T01:26:39.357497,
bf2becf0e52d281f,https://ch.linkedin.com/jobs/view/employ%C3%A9-cvcs-mcr-h-f-at-rolex-4339503435,Employé CVCS/MCR (H/F),ROLEX,posted,2026-07-07T01:26:57.667655,107
6a14decac948d8d1,https://ch.linkedin.com/jobs/view/operator-license-owner-zurich-at-stranger-soccer-4432327734,"Operator & License Owner, Zurich",,scraped,2026-07-07T01:27:00.304501,
c8c8b896fccd5ac1,https://ch.linkedin.com/jobs/view/content-lead-at-omnilex-4435117653,Content Lead,,scraped,2026-07-07T01:27:07.942623,
d91f45495c74c178,https://ch.linkedin.com/jobs/view/chief-financial-officer-leitung-betriebe-w-m-mitglied-der-klinikleitung-at-klinik-sgm-langenthal-4435446209,Chief Financial Officer & Leitung Betriebe (w/m) - Mitglied der Klinikleitung,,scraped,2026-07-07T01:27:14.359120,
121216c4a84748d0,https://ch.linkedin.com/jobs/view/accountant-at-norion-partners-4424053870,Accountant,,scraped,2026-07-07T01:27:21.411119,
ebf0b9afdb3f21ba,https://ch.linkedin.com/jobs/view/approvisionneur-et-coordinateur-de-stock-at-louis-vuitton-4416145970,Approvisionneur et Coordinateur de stock,Louis Vuitton,posted,2026-07-07T01:28:43.458737,109
7ba82558a644b8e8,https://ch.linkedin.com/jobs/view/autista-operaio-at-jobcourier-ch-4435025007,Autista / Operaio,,scraped,2026-07-07T01:28:46.288979,
9c83d10a74538ad9,https://ch.linkedin.com/jobs/view/business-analyst-at-solvex-solutions-4433962155,Business Analyst,,scraped,2026-07-07T01:28:54.555700,
246724c8627d59eb,https://ch.linkedin.com/jobs/view/pr%C3%A9pos%C3%A9-aux-nettoyages-horaire-jour-h-f-d-cdd-100%25-sion-at-zenh%C3%A4usern-fr%C3%A8res-sa-sion-4436910804,Préposé aux nettoyages (horaire jour) (h/f/d) - CDD - 100% - Sion,,scraped,2026-07-07T01:29:01.269237,
cab1892acd599ad6,https://ch.linkedin.com/jobs/view/intern-%E2%80%93-venture-capital-at-backbone-ventures-4434964354,Intern – Venture Capital,,scraped,2026-07-07T01:29:08.907796,
5d1197442ec1523c,https://ch.linkedin.com/jobs/view/hr-administrator-at-baumann-springs-north-america-4433796342,HR Administrator,,scraped,2026-07-07T01:29:16.074425,
d3b142f3041930b7,https://ch.linkedin.com/jobs/view/jugendanwaltsassistentin-jugendanwaltsassistent-70-100%25-at-kanton-bern-4434673941,Jugendanwaltsassistentin / Jugendanwaltsassistent 70-100%,,scraped,2026-07-07T01:30:46.446237,
e45e2828571cce70,https://ch.linkedin.com/jobs/view/ai-driven-graphic-designer-%E2%80%93-digital-content-e-commerce-at-philipp-plein-4436749220,AI-Driven Graphic Designer – Digital Content & E-commerce,,scraped,2026-07-07T01:30:54.072527,
45111c9162d44ab7,https://ch.linkedin.com/jobs/view/f-b-manager-openings-w-m-i-november-2026-%E2%80%93-m%C3%A4rz-2027-at-grand-resort-bad-ragaz-4435709082,F&B Manager Openings (w/m/i) November 2026 – März 2027,Grand Resort Bad Ragaz,posted,2026-07-07T01:31:17.154469,111
28dd22c0074b31cc,https://ch.linkedin.com/jobs/view/sustainability-trainee-at-international-olympic-committee-%E2%80%93-ioc-4436757012,Sustainability Trainee,International Olympic Committee – IOC,posted,2026-07-07T01:32:04.911993,113
afb9a357c837829d,https://ch.linkedin.com/jobs/view/produktionsmitarbeiter-in-at-bwb-oberfl%C3%A4chentechnik-4435337082,Produktionsmitarbeiter:in,,scraped,2026-07-07T01:32:07.771910,
da91dbb3d10d25a9,https://ch.linkedin.com/jobs/view/financial-modeling-investment-banking-expert-remote-%24100-%E2%80%93%24130-hr-at-call-for-referral-4433156926,Financial Modeling & Investment Banking Expert (Remote | $100 –$130/hr),,scraped,2026-07-07T01:33:19.321217,
fe382daaa99e9f66,https://ch.linkedin.com/jobs/view/senior-business-development-manager-%E2%80%94-electronic-modules-at-olm-consultants-4435050123,Senior Business Development Manager — Electronic Modules,,scraped,2026-07-07T01:33:26.184378,
7c6515741daa1671,https://ch.linkedin.com/jobs/view/internship-%C2%A0data-scientist-at-lombard-odier-group-4431541827,Internship -  Data Scientist,,scraped,2026-07-07T01:33:32.751596,
896583044b82739d,https://ch.linkedin.com/jobs/view/mitarbeiter-in-tagesreinigung-100%25-at-confiserie-spr%C3%BCngli-4432732661,Mitarbeiter*in Tagesreinigung (100%),,scraped,2026-07-07T01:33:40.359113,
5d5ff636bc9de9a3,https://ch.linkedin.com/jobs/view/sales-assistant-20%25-40%25-stundenlohn-wallisellen-glattzentrum-at-kiko-milano-4433170508,Sales Assistant 20% - 40% Stundenlohn Wallisellen Glattzentrum,,scraped,2026-07-07T01:33:49.176286,
800a8312131a3412,https://ch.linkedin.com/jobs/view/junior-buyer-food-m-w-d-50-100%25-studentjob-ch-at-jobster-4436024952,Junior Buyer Food (m/w/d) 50-100% - Studentjob.ch,,scraped,2026-07-07T01:33:56.558076,
dbad26672f422a1e,https://ch.linkedin.com/jobs/view/rangierer-in-kat-a40-at-railcare-4434305918,Rangierer:in Kat. A40,,scraped,2026-07-07T01:34:04.061406,
ef6e469029d14614,https://ch.linkedin.com/jobs/view/junior-trader-wheat-studentjob-ch-at-jobster-4435796223,Junior Trader Wheat - Studentjob.ch,,scraped,2026-07-07T01:34:12.113169,
01af339c94253f95,https://ch.linkedin.com/jobs/view/ladenleitung-at-volg-konsumwaren-ag-4435003635,Ladenleitung,,scraped,2026-07-07T01:34:19.498095,
34b109dbbda3f225,https://ch.linkedin.com/jobs/view/wec-medical-specialist-blast-trauma-care-at-international-committee-of-the-red-cross-icrc-4423105431,WeC Medical Specialist (Blast Trauma Care),,scraped,2026-07-07T01:34:26.623428,
53dda4591b432890,https://ch.linkedin.com/jobs/view/betriebsmitarbeiter-80-100%25-m-w-d-at-compass-group-switzerland-4437177136,Betriebsmitarbeiter 80-100% (m/w/d),,scraped,2026-07-07T01:34:34.241403,
91bb958b9c8ef818,https://ch.linkedin.com/jobs/view/cash-reconciliation-specialist-at-efg-international-4436199619,Cash Reconciliation Specialist,EFG International,posted,2026-07-07T01:34:51.799128,115
7aec8da8b4423a76,https://ch.linkedin.com/jobs/view/dachdecker-m-w-at-hans-leutenegger-sa-lausanne-4435032009,Dachdecker (m/w),,scraped,2026-07-07T01:34:54.597038,
c68582657c0ffa0e,https://ch.linkedin.com/jobs/view/chef-de-rang-h-f-x-at-revo-hospitality-group-4437480409,Chef de rang (h/f/x),,scraped,2026-07-07T01:35:02.476370,
99e0ccda6d206edf,https://ch.linkedin.com/jobs/view/contr%C3%B4leur-qualit%C3%A9-h-f-at-rolex-4375276798,Contrôleur Qualité (H/F),ROLEX,posted,2026-07-07T01:35:18.323001,117
974886429aa4cb5d,https://ch.linkedin.com/jobs/view/hr-business-partner-at-audi-revolut-f1-team-4432352824,HR Business Partner,,scraped,2026-07-07T01:35:21.028399,
38aa7f8ded5eab83,https://ch.linkedin.com/jobs/view/managing-director-switzerland-m-f-d-at-ingram-micro-4434334860,Managing Director Switzerland (m/f/d),Ingram Micro,posted,2026-07-07T01:36:28.341448,119
c1657e48fcf040ed,https://ch.linkedin.com/jobs/view/operations-manager-region-westschweiz-m-w-d-at-thommen-group-4436742603,Operations Manager Region Westschweiz (m/w/d),,scraped,2026-07-07T01:36:31.189944,
e478158a85d8a0b1,https://ch.linkedin.com/jobs/view/disponent-disponentin-m-wd-at-k%C3%A4rcher-4432714178,Disponent / Disponentin (m/wd),,scraped,2026-07-07T01:36:39.291568,
d1d6973ddecc6a60,https://ch.linkedin.com/jobs/view/sales-director-h%C3%B4tellerie-at-brosy-partners-4433103867,Sales Director - Hôtellerie,,scraped,2026-07-07T01:36:46.142376,
91f0b8684babec86,https://ch.linkedin.com/jobs/view/technician-at-epfl-4435447109,Technician,EPFL,posted,2026-07-07T01:37:02.610091,121
941286df92f2bc51,https://ch.linkedin.com/jobs/view/remote-game-music-composer-at-twine-4403233506,Remote Game Music Composer,,scraped,2026-07-07T01:37:05.564434,
24c768929ece3038,https://ch.linkedin.com/jobs/view/responsabile-della-prontezza-at-swiss-federal-administration-4436260548,Responsabile della prontezza,,scraped,2026-07-07T01:37:12.138849,
66788604cbe52f46,https://ch.linkedin.com/jobs/view/konstrukteur-m-w-d-at-sika-4429843396,Konstrukteur (m/w/d),,scraped,2026-07-07T01:37:20.801362,
a7df5cfc8664c6d9,https://ch.linkedin.com/jobs/view/responsable-de-rayon-non-food-f-h-d-80-100%25-at-migros-gen%C3%A8ve-4436097571,Responsable de rayon Non Food (F/H/D) 80 - 100%,,scraped,2026-07-07T01:37:27.436461,
0efa013de77c3980,https://ch.linkedin.com/jobs/view/anlagef%C3%BChrer-in-produktion-at-pearlwater-mineralquellen-4435510888,Anlageführer:in Produktion,,scraped,2026-07-07T01:37:34.945333,
539b7da53c45f248,https://ch.linkedin.com/jobs/view/tecnico-collaudatore-at-manpower-switzerland-4436492291,Tecnico collaudatore,,scraped,2026-07-07T01:38:26.410338,
fdaae4627c0a10ab,https://ch.linkedin.com/jobs/view/maler-efz-eba-m-w-d-at-pemsa-schweiz-4435461274,Maler EFZ / EBA (m/w/d),,scraped,2026-07-07T01:38:33.351218,
d520425d3b8d8bcb,https://ch.linkedin.com/jobs/view/tff-begleiter-ai-m-w-d-at-rhomberg-sersa-rail-group-4345192579,TFF Begleiter Ai (m/w/d),,scraped,2026-07-07T01:38:40.225701,
eceb4a30b0e03879,https://ch.linkedin.com/jobs/view/montatrice-tore-di-servizio-f-m-d-80-100%25-at-etavis-4433111251,Montatrice/tore di servizio (f/m/d) 80-100%,,scraped,2026-07-07T01:38:47.627695,
d86ae52be941b505,https://ch.linkedin.com/jobs/view/fachfrau-fachmann-betriebsunterhalt-efz-80%25-100%25-at-biffig-ag-4436483833,Fachfrau / Fachmann Betriebsunterhalt EFZ 80% - 100%,,scraped,2026-07-07T01:38:58.288123,
0415007ae9d18d0c,https://ch.linkedin.com/jobs/view/quereinstieg-lokf%C3%BChrer-in-kategorie-b100-cargo-at-sbb-cff-ffs-4427954061,Quereinstieg Lokführer:in Kategorie B100 Cargo,,scraped,2026-07-07T01:39:05.673724,
19a44c617e64153c,https://ch.linkedin.com/jobs/view/g%C3%A9omaticien-at-pemsa-4436255328,Géomaticien,,scraped,2026-07-07T01:39:13.507131,
fb590d29f9706805,https://ch.linkedin.com/jobs/view/limousinen-minibus-chauffeur-in-aushilfe-m-w-d-at-bucher-travel-inc-4433736215,Limousinen/Minibus Chauffeur:in Aushilfe (m/w/d),,scraped,2026-07-07T01:39:20.282082,
7bb04f9abad6abec,https://ch.linkedin.com/jobs/view/p2622-audit-capa-lead-at-debiopharm-4436077823,P2622 - Audit & CAPA Lead,,scraped,2026-07-07T01:39:27.709591,
e841984f3e4c55b4,https://ch.linkedin.com/jobs/view/paid-search-specialist-google-ads-at-jobgether-4435217681,Paid Search Specialist (Google Ads),,scraped,2026-07-07T01:39:35.466443,
ff9a102495ba698a,https://ch.linkedin.com/jobs/view/autonomous-vehicle-safety-operator-safety-driver-at-tsmg-holding-4437478792,Autonomous Vehicle Safety Operator (Safety Driver),,scraped,2026-07-07T01:39:42.116249,
3cca33963c94fd93,https://ch.linkedin.com/jobs/view/hr-assistent-w-m-d-80%25-100%25-at-jobcourier-ch-4435707640,HR Assistent (w/m/d) 80% - 100%,,scraped,2026-07-07T01:39:49.637177,
076da51e5674c173,https://ch.linkedin.com/jobs/view/head-of-engineering-co-founder-at-teklens-4435541191,Head of Engineering / Co-Founder,,scraped,2026-07-07T01:39:58.070421,
75bf9481e7b3b9ef,https://ch.linkedin.com/jobs/view/technicien-it-l1-l2-at-darest-4436496956,Technicien IT L1/L2,,scraped,2026-07-07T01:40:05.855296,
cdb4c513f580891f,https://ch.linkedin.com/jobs/view/senior-director-international-customers-m-w-d-at-mondel%C4%93z-international-4426359662,Senior Director International Customers (m/w/d),Mondelēz International,posted,2026-07-07T01:40:32.307792,123
fe4a5d0580f0203c,https://ch.linkedin.com/jobs/view/head-of-science-and-technology-at-biotalent-4437180808,Head of Science and Technology,,scraped,2026-07-07T01:40:34.941239,
2180b6ba1ce7d149,https://ch.linkedin.com/jobs/view/business-development-representativejob-at-partnerone-4437452133,Business Development RepresentativeJob,PartnerOne,posted,2026-07-07T01:40:47.371489,125
d47519941bc76342,https://ch.linkedin.com/jobs/view/venditore-trice-d-auto-at-jobcourier-ch-4435012308,Venditore/trice d'auto,,scraped,2026-07-07T01:40:50.030797,
1f0bfd1004b61811,https://ch.linkedin.com/jobs/view/assistants-pharmaceutico-techniques-en-charge-des-m%C3%A9dicaments-site-constantinople-h-f-x-at-chu-helora-4432730223,Assistants pharmaceutico-techniques en charge des médicaments - Site Constantinople (H/F/X),,scraped,2026-07-07T01:40:58.276432,
126e58b92097b7ca,https://ch.linkedin.com/jobs/view/french-language-expert-remote-at-yo-it-consulting-4435407015,French Language Expert - Remote,,scraped,2026-07-07T01:41:06.370493,
3fa5f8acab1aa8f4,https://ch.linkedin.com/jobs/view/chief-operating-officer-coo-mitglied-der-gesch%C3%A4ftsleitung-at-zentrum-f%C3%BCr-labormedizin-4437182043,Chief Operating Officer (COO) / Mitglied der Geschäftsleitung,,scraped,2026-07-07T01:41:12.618997,
eb9a427970c4647b,https://ch.linkedin.com/jobs/view/hr-administration-manager-at-hays-4437194721,HR & Administration Manager,,scraped,2026-07-07T01:41:19.567641,
d2858acfbb448990,https://ch.linkedin.com/jobs/view/responsable-de-site-%C3%A0-100%25-h-f-d-at-jobcourier-ch-4436026179,Responsable de site à 100% (h/f/d),,scraped,2026-07-07T01:41:26.917036,
53dcd49caf62778e,https://ch.linkedin.com/jobs/view/independent-marketing-leader-mentor-at-gearup2success-4434311270,Independent Marketing Leader & Mentor,,scraped,2026-07-07T01:41:35.139612,
43ca20a4053ad9db,https://ch.linkedin.com/jobs/view/teamleiter-supply-chain-m-w-d-at-k%C3%A4rcher-4432389021,Teamleiter Supply Chain (m/w/d),,scraped,2026-07-07T01:41:41.826509,
d1e4b22b85da1c8d,https://ch.linkedin.com/jobs/view/peintre-cfc-ou-exp%C3%A9riment%C3%A9-at-valais4you-4436909939,Peintre CFC ou expérimenté,,scraped,2026-07-07T01:41:48.725707,
d4a53d882e07f27b,https://ch.linkedin.com/jobs/view/music-teachers-for-swiss-students-wanted-at-matchspace-music-4432385820,Music Teachers for Swiss Students wanted,,scraped,2026-07-07T01:41:56.343611,
5cad85cffbdf2c45,https://ch.linkedin.com/jobs/view/wir-suchen-neue-nannies-im-raum-z%C3%BCrich%21-at-care-4-kids-gmbh-4432724749,Wir suchen neue Nannies im Raum Zürich!,,scraped,2026-07-07T01:42:03.350527,
f80b2553a4d3b7fc,https://ch.linkedin.com/jobs/view/compliance-officer-pmo-at-nicoll-curtin-4433164820,Compliance Officer PMO,,scraped,2026-07-07T01:42:14.560440,
3ff3adde6279b5c1,https://ch.linkedin.com/jobs/view/project-manager-at-trust-in-soda-4437161901,Project Manager,,scraped,2026-07-07T01:42:22.112516,
fb73ce6cea09ac96,https://ch.linkedin.com/jobs/view/technical-product-manager-%E2%80%93-wan-network-connectivity-at-jobgether-4435781570,Technical Product Manager – WAN & Network Connectivity,,scraped,2026-07-07T01:42:29.049717,
78d2d114f6265be3,https://ch.linkedin.com/jobs/view/gtm-strategist-at-jobgether-4435429315,GTM Strategist,,scraped,2026-07-07T01:42:35.698542,
56c71c028d05555e,https://ch.linkedin.com/jobs/view/apprenticeship-in-interactive-media-design-efz-august-2027-at-google-4434612170,"Apprenticeship in Interactive Media Design EFZ, August 2027",,scraped,2026-07-07T01:42:42.408072,
06228aa809379c6d,https://ch.linkedin.com/jobs/view/project-manager-engineering-at-vat-group-4435537129,Project Manager Engineering,,scraped,2026-07-07T01:42:50.107291,
214ea42be5b85b89,https://ch.linkedin.com/jobs/view/logistics-coordinator-%E2%80%93-precious-materials-at-sotalent-4433930043,Logistics Coordinator – Precious Materials,,scraped,2026-07-07T01:42:57.361475,
211c221a3e09828e,https://ch.linkedin.com/jobs/view/associate-director-operations-clinical-assessment-technologies-cat-at-jobgether-4434614199,"Associate Director, Operations - Clinical Assessment Technologies CAT)",,scraped,2026-07-07T01:43:24.095991,
4f6eae0ee1c4bded,https://ch.linkedin.com/jobs/view/paysagiste-cfc-h-f-d-at-jobcourier-ch-4435289439,Paysagiste CFC (H/F/D),,scraped,2026-07-07T01:43:30.632383,
f00448167cca6102,https://ch.linkedin.com/jobs/view/customer-success-manager-100%25-at-threema-4436247434,Customer Success Manager (100%),,scraped,2026-07-07T01:43:39.177444,
34fc9d909f990f3f,https://ch.linkedin.com/jobs/view/d%C3%A9colleteur-tours-index-2x8-h-f-at-fokus-talent-4435425223,Décolleteur Tours Index -2x8/ H-F,,scraped,2026-07-07T01:43:46.839789,
14987318ca989b3b,https://ch.linkedin.com/jobs/view/constructeur-joaillerie-h-f-x-at-ekkiden-4437133136,Constructeur Joaillerie (H/F/X),,scraped,2026-07-07T01:43:53.151899,
10da53b4b73645ce,https://ch.linkedin.com/jobs/view/payroll-spezialist-in-mit-it-affinit%C3%A4t-80-100%25-at-viva-hr-consulting-4436459399,Payroll Spezialist/In mit IT-Affinität (80-100%,,scraped,2026-07-07T01:44:00.090066,
7a0079ba23b1b221,https://ch.linkedin.com/jobs/view/pipe-fitter-metalworker-80-100%25-m-f-d-at-randstad-4432344242,Pipe Fitter / Metalworker 80-100% (m/f/d),,scraped,2026-07-07T01:44:15.740386,
8e627b1989d04440,https://ch.linkedin.com/jobs/view/scada-engineer-at-longroad-energy-4430146357,SCADA Engineer,,scraped,2026-07-07T01:44:22.547648,
8f1ee4648ae6d2d7,https://ch.linkedin.com/jobs/view/sch%C3%A4tzungsexpertin-sch%C3%A4tzungsexperte-80-100-%25-at-die-aargauische-geb%C3%A4udeversicherung-4409348734,Schätzungsexpertin/Schätzungsexperte (80 - 100 %),,scraped,2026-07-07T01:44:35.907509,
4d47eb60a6736e89,https://ch.linkedin.com/jobs/view/work-in-portugal-video-content-analyst-accomodation-support-available-%21-at-global-people-sphere-4435459409,Work in Portugal: Video Content Analyst (Accomodation Support Available)!,Global People Sphere,posted,2026-07-07T01:45:20.433810,127
977f101ad16e462e,https://ch.linkedin.com/jobs/view/recruiter-life-sciences-at-gi-group-4433177374,Recruiter Life Sciences,,scraped,2026-07-07T01:45:23.093323,
d72c3949a8477f7f,https://ch.linkedin.com/jobs/view/assc-at-h%C3%A9viva-association-vaudoise-d-institutions-m%C3%A9dico-psycho-sociales-4435297030,ASSC,HévivA - Association vaudoise d'institutions médico-psycho-sociales,posted,2026-07-07T01:45:50.533769,129
7066cb503ac2e670,https://ch.linkedin.com/jobs/view/product-data-governance-specialist-in-at-brack-alltron-4427566349,Product Data Governance Specialist:in,,scraped,2026-07-07T01:45:53.431669,
2b2a159c5321ce18,https://ch.linkedin.com/jobs/view/op%C3%A9rateur-trice-en-informatique-f-h-100%25-at-informaquik-s%C3%A0rl-4433711186,Opérateur/trice en informatique F/H 100%,,scraped,2026-07-07T01:46:00.829845,
50f231478622ce9a,https://ch.linkedin.com/jobs/view/ai-engineer-at-founderful-4436474715,AI Engineer,,scraped,2026-07-07T01:46:09.360082,
1a86eaa7106a1923,https://ch.linkedin.com/jobs/view/cuisinier-h-f-at-valais4you-4436912775,Cuisinier H/F,,scraped,2026-07-07T01:46:16.388754,
ee3e1f49219080f4,https://ch.linkedin.com/jobs/view/fachperson-raumplanung-70-%E2%80%93-100-%25-at-espacesuisse-4435709170,Fachperson Raumplanung 70 – 100 %,,scraped,2026-07-07T01:46:23.302835,
253561bc96425955,https://ch.linkedin.com/jobs/view/konstrukteur-m-w-d-at-pfiffner-group-4435385166,Konstrukteur (m/w/d),,scraped,2026-07-07T01:46:30.588046,
d2b063b61f96da47,https://ch.linkedin.com/jobs/view/medical-device-pharmaceutical-indirect-sales-manager-m-f-d-at-jobgether-4435022820,Medical Device & Pharmaceutical indirect Sales Manager (m/f/d),,scraped,2026-07-07T01:46:37.753712,
ab5d0785bdbc66b6,https://ch.linkedin.com/jobs/view/aide-menuisier-at-jobcourier-ch-4435724024,Aide-menuisier,,scraped,2026-07-07T01:46:44.406036,
7f20b9d69ced89d8,https://ch.linkedin.com/jobs/view/growth-lead-at-omnilex-4435132320,Growth Lead,,scraped,2026-07-07T01:46:52.467196,
15fa8ab43747013f,https://ch.linkedin.com/jobs/view/customer-care-representative-20%25-at-swissquote-4428102637,Customer Care Representative - 20%,,scraped,2026-07-07T01:46:58.761043,
62ff0cb362bcbb7b,https://ch.linkedin.com/jobs/view/immobilienprofi-akquisition-projektentwicklung-100%25-a-at-jobcourier-ch-4435014235,Immobilienprofi Akquisition & Projektentwicklung 100% (a),,scraped,2026-07-07T01:47:06.914632,
99eec1dcc8e199d3,https://ch.linkedin.com/jobs/view/engineering-internship-opportunities-at-flyability-4435571514,Engineering Internship Opportunities,,scraped,2026-07-07T01:47:15.157027,
d30ac29f14256755,https://ch.linkedin.com/jobs/view/r-d-project-manager-shoulder-sportsmed-1818-107492-at-medacta-italia-4434317063,R&D Project Manager Shoulder SportsMed (1818_107492),,scraped,2026-07-07T01:47:21.642211,
8dace988a5598737,https://ch.linkedin.com/jobs/view/product-manager-player-onboarding-activation-at-jobgether-4435727919,Product Manager - Player Onboarding & Activation,,scraped,2026-07-07T01:47:28.800235,
ad48af8a40f6601d,https://ch.linkedin.com/jobs/view/deputy-cto-ai-product-at-jobgether-4432336894,Deputy CTO (AI Product),,scraped,2026-07-07T01:47:35.236118,
a0b8a31def17f270,https://ch.linkedin.com/jobs/view/ai-developer-at-jobgether-4435214795,AI Developer,,scraped,2026-07-07T01:47:41.620496,
21257dde6b51283c,https://ch.linkedin.com/jobs/view/junior-scientist-quality-control-raw-materials-80-100%25-f-m-d-at-lonza-4435267314,"(Junior) Scientist Quality Control, Raw Materials 80-100% (f/m/d)",Lonza,posted,2026-07-07T01:47:58.732139,131
b86951c696b6ff57,https://ch.linkedin.com/jobs/view/directeur-de-travaux-100%25-cdi-h-f-d-at-jobcourier-ch-4435000956,Directeur de travaux 100% CDI (H/F/D),,scraped,2026-07-07T01:48:01.356347,
0fb5c390ea72b501,https://ch.linkedin.com/jobs/view/vertrieb-remote-m-w-d-at-human-elevation-institut-4433737608,VERTRIEB (REMOTE) (m/w/d),,scraped,2026-07-07T01:48:09.266829,
59019185cc9490f1,https://ch.linkedin.com/jobs/view/ict-system-specialist-100%25-w-m-i-at-grand-resort-bad-ragaz-4435493679,ICT System Specialist 100% (w/m/i),Grand Resort Bad Ragaz,posted,2026-07-07T01:48:31.140954,133
07aae90a574e4a15,https://ch.linkedin.com/jobs/view/executive-sales-representative-at-greenchef-4368614233,Executive Sales Representative,,scraped,2026-07-07T01:48:33.793769,
b2f757088f29ff62,https://ch.linkedin.com/jobs/view/podcast-producer-%E2%80%93-mental-health-series-at-twine-4433940482,Podcast Producer – Mental Health Series,,scraped,2026-07-07T01:48:40.586171,
94b92d92778e46c8,https://ch.linkedin.com/jobs/view/frontend-developer-react-at-jobgether-4435034269,Frontend Developer (React),,scraped,2026-07-07T01:48:47.275739,
4267baeff56e5de5,https://ch.linkedin.com/jobs/view/business-analyst-it-at-primeit-switzerland-4437154593,Business Analyst IT,PrimeIT Switzerland,posted,2026-07-07T01:49:10.595493,135
d5e76d26ecfdfce9,https://ch.linkedin.com/jobs/view/assistant-to-relationship-manager-80-100%25-at-marcuard-heritage-4435109718,Assistant to Relationship Manager (80-100%),MARCUARD HERITAGE,posted,2026-07-07T01:49:20.720739,137
a4e05654c90ea837,https://ch.linkedin.com/jobs/view/responsable-de-recherche-pour-haiti-bas%C3%A9-e-%C3%A0-port-au-prince-link-for-internal-applicants-only-at-impact-initiatives-4434323260,"Responsable de Recherche pour Haiti, basé.e à Port-au-Prince (Link For Internal Applicants Only)",IMPACT Initiatives,posted,2026-07-07T01:49:33.979130,139
74e3257aecea4ae3,https://ch.linkedin.com/jobs/view/logistiker-in-m-w-d-100%25-at-jobcourier-ch-4435294380,Logistiker/in (m/w/d) 100%,,scraped,2026-07-07T01:49:36.569403,
f1700bbe80a3687e,https://ch.linkedin.com/jobs/view/freelance-video-editor-%E2%80%93-music-social-content-at-twine-4434984718,Freelance Video Editor – Music Social Content,,scraped,2026-07-07T01:49:44.371703,
440b5499b4470c57,https://ch.linkedin.com/jobs/view/head-of-learning-development-and-talent-management-at-msc-cruises-4398392951,"Head of Learning, Development and Talent Management",MSC Cruises,posted,2026-07-07T01:50:00.669658,141
7225c8439105e936,https://ch.linkedin.com/jobs/view/entrepreneur-in-residence-eir-at-the-flex-4436955104,Entrepreneur in Residence (EIR),,scraped,2026-07-07T01:50:03.548221,
190a5c1d96d4a909,https://ch.linkedin.com/jobs/view/senior-account-executive-at-jobgether-4435417477,Senior Account Executive,,scraped,2026-07-07T01:50:10.842725,
acd0638ddd896a62,https://ch.linkedin.com/jobs/view/jardinier-paysagiste-cfc-h-f-at-jobcourier-ch-4436028090,Jardinier-paysagiste CFC (H/F),,scraped,2026-07-07T01:50:17.487024,
887a9f23f514b93f,https://ch.linkedin.com/jobs/view/applied-research-engineer-3d-reconstruction-deep-learning-at-arbrea-labs-4435291107,Applied Research Engineer - 3D Reconstruction & Deep Learning,,scraped,2026-07-07T01:50:25.677460,
339e019eeb689bb0,https://ch.linkedin.com/jobs/view/socio-educative-assistant-at-babilou-4436180961,Socio-educative assistant,,scraped,2026-07-07T01:50:32.697449,
036ded1e72ae3da8,https://ch.linkedin.com/jobs/view/mitarbeiter-in-produktion-70%25-f%C3%BCllabteilung-konditorei-at-confiserie-spr%C3%BCngli-4433144339,Mitarbeiter*in Produktion 70% / Füllabteilung Konditorei,,scraped,2026-07-07T01:50:39.699650,
aef2882825417c8a,https://ch.linkedin.com/jobs/view/ai-automation-specialist-at-jobgether-4436047393,AI Automation Specialist,,scraped,2026-07-07T01:50:48.950368,
07b346c5467a684d,https://ch.linkedin.com/jobs/view/logistiker-100%25-m-w-d-at-jobcourier-ch-4435284668,Logistiker 100% (m/w/d),,scraped,2026-07-07T01:50:55.417415,
b5d96cdfb9cfc149,https://ch.linkedin.com/jobs/view/mitarbeiter-in-loving-lanka-foodtruck-40%25-50%25-at-currybag-4433100336,Mitarbeiter:in Loving Lanka Foodtruck 40%-50%,,scraped,2026-07-07T01:51:03.338104,
1fc9e38d695aa950,https://ch.linkedin.com/jobs/view/h%C3%B4tesse-empfangsmitarbeiterin-basel-at-luigia-restaurants-4435561051,HÔTESSE / EMPFANGSMITARBEITERIN BASEL,,scraped,2026-07-07T01:51:10.360120,
efec3c975ddf5eb3,https://ch.linkedin.com/jobs/view/business-analyst-at-itech-consult-ag-4436200145,Business Analyst,,scraped,2026-07-07T01:51:18.054766,
4d69bcf2fb750652,https://ch.linkedin.com/jobs/view/sozialp%C3%A4dagog-in-hf-fh-zirka-70-%25-betreuung-felsberg-at-stadt-luzern-4434330371,Sozialpädagog*in HF/FH (zirka 70 %) - Betreuung Felsberg,,scraped,2026-07-07T01:51:25.904155,
1504fa4c36ef730c,https://ch.linkedin.com/jobs/view/compliance-business-analyst-at-rm-group-switzerland-4435031833,Compliance Business Analyst,,scraped,2026-07-07T01:51:34.909717,
197c061d17847759,https://ch.linkedin.com/jobs/view/logistiker-100%25-m-w-d-at-jobcourier-ch-4435282773,Logistiker 100% (m/w/d),,scraped,2026-07-07T01:51:44.893739,
69aa1925f1d37bea,https://ch.linkedin.com/jobs/view/staff-ux-designer-youtube-creators-monetization-at-google-4426228789,"Staff UX Designer, YouTube Creators Monetization",,scraped,2026-07-07T01:51:52.937695,
72094b788711c1d8,https://ch.linkedin.com/jobs/view/global-process-engineer-100%25-medical-at-baumann-springs-north-america-4433789458,Global Process Engineer 100% Medical,,scraped,2026-07-07T01:52:00.615380,
2093ea8848120b56,https://ch.linkedin.com/jobs/view/technical-manager-automotive-and-industrial-at-jobgether-4435430218,Technical Manager - Automotive and Industrial,,scraped,2026-07-07T01:52:26.713126,
f73553ecbfaca1ae,https://ch.linkedin.com/jobs/view/serveuse-polyvalente-fribourg-at-luigia-restaurants-4434642553,SERVEUSE POLYVALENTE FRIBOURG,,scraped,2026-07-07T01:52:33.190898,
053dbd9e6b2a293f,https://ch.linkedin.com/jobs/view/responsable-administratif%C2%B7ve-et-financier%C2%B7%C3%A8re-nccr-separations-80%25-at-epfl-4435791149,Responsable administratif·ve et financier·ère - NCCR Separations (80%),EPFL,posted,2026-07-07T01:52:48.870620,143
eb5beefe2e9f0e57,https://ch.linkedin.com/jobs/view/stv-filialleiter-in-100%25-raum-zug-at-confiserie-spr%C3%BCngli-4433145326,Stv. Filialleiter*in (100%) Raum Zug,,scraped,2026-07-07T01:52:51.506022,
fd0fd1e09ef08cb7,https://ch.linkedin.com/jobs/view/store-manager-in-at-hunkem%C3%B6ller-4434954280,Store Manager/in,,scraped,2026-07-07T01:53:00.190870,
1f2e80fb8816c71b,https://ch.linkedin.com/jobs/view/charg%C3%A9-e-de-projets-at-tudor-watch-4418075587,Chargé.e de projets,Tudor Watch,posted,2026-07-07T01:53:16.372898,145
e341f07fac51b45f,https://ch.linkedin.com/jobs/view/gastronomiearbeiter-at-meier-beck-ag-4435801732,Gastronomiearbeiter,Meier-beck AG,posted,2026-07-07T01:53:54.429404,147
6c508cb13b182aa9,https://ch.linkedin.com/jobs/view/installation-supervisor-at-storage-solutions-a-jungheinrich-company-4430584206,Installation Supervisor,,scraped,2026-07-07T01:53:57.060161,
acb11b699ac7bc1c,https://ch.linkedin.com/jobs/view/master-scheduler-hot-gas-parts-f-m-d-at-ge-vernova-4407870531,Master Scheduler Hot Gas Parts (f/m/d),,scraped,2026-07-07T01:54:18.555860,
95acb640d8300367,https://ch.linkedin.com/jobs/view/junior-buyer-food-m-w-d-100%25-studentjob-ch-at-jobster-4435795311,Junior Buyer Food (m/w/d) 100% - Studentjob.ch,,scraped,2026-07-07T01:54:26.718169,
e51b24513bcdc235,https://ch.linkedin.com/jobs/view/bauwerktrenner-m-w-at-hans-leutenegger-sa-lausanne-4435028339,Bauwerktrenner (m/w),,scraped,2026-07-07T01:54:33.867188,
bfd7f43842229d5c,https://ch.linkedin.com/jobs/view/boutique-concierge-geneva-flagship-f-m-x-at-universal-gen%C3%A8ve-4435534036,Boutique Concierge - Geneva Flagship (f/m/x),,scraped,2026-07-07T01:54:42.430894,
4cc061ed3d60fa30,https://ch.linkedin.com/jobs/view/vendeur-auxiliaire-food-non-food-h-f-40-60%25-at-otto-s-ag-4436927178,Vendeur auxiliaire food/non-food (h/f) 40-60%,,scraped,2026-07-07T01:54:49.333673,
691a3c2e556ff273,https://ch.linkedin.com/jobs/view/f-b-supervisor-at-ehl-4433147988,F&B Supervisor,EHL,posted,2026-07-07T01:55:04.868576,149
3e15564455fc07d4,https://ch.linkedin.com/jobs/view/quereinsteiger-in-in-die-welt-der-mechanisch-handwerklichen-berufe-at-sbb-cff-ffs-4407402132,Quereinsteiger:in in die Welt der mechanisch-handwerklichen Berufe,,scraped,2026-07-07T01:55:07.495645,
dbf5628c1f1d0e3d,https://ch.linkedin.com/jobs/view/operational-buyer-at-lonza-4437165271,Operational Buyer,Lonza,posted,2026-07-07T01:55:25.297778,151
656b34cddf42a10c,https://ch.linkedin.com/jobs/view/project-manager-compliance-officer-at-rm-group-switzerland-4435220949,Project Manager- Compliance Officer,,scraped,2026-07-07T01:55:27.980541,
71c0e84832eaf202,https://ch.linkedin.com/jobs/view/relationship-manager-deputy-portfolio-manager-at-isp-group-4435526879,Relationship Manager & Deputy Portfolio Manager,,scraped,2026-07-07T01:55:37.984674,
ec2ae398dbd4ed4e,https://ch.linkedin.com/jobs/view/gestionnaire-coordinateur-d-atelier-automobile-at-garage-nicolas-limat-sa-4437419096,Gestionnaire / coordinateur d'atelier automobile,Garage Nicolas Limat SA,posted,2026-07-07T01:55:54.045056,153
acf8071f8197701b,https://ch.linkedin.com/jobs/view/cuisinier-h-f-at-valais4you-4436925311,Cuisinier (H/F),,scraped,2026-07-07T01:55:56.617858,
e7d5be15b75ab245,https://ch.linkedin.com/jobs/view/senior-compliance-officer-at-flex-suisse-4433934257,Senior Compliance Officer,,scraped,2026-07-07T01:56:03.769657,
e7028af7350f0315,https://ch.linkedin.com/jobs/view/aide-%C3%A0-la-restauration-aide-de-cuisine-h-f-d-cdi-cdi-50%25-at-valais4you-4436931079,Aide à la restauration - Aide de cuisine (h/f/d) - CDI - CDI - 50%,,scraped,2026-07-07T01:56:11.986490,
f594d34a8da75b9c,https://ch.linkedin.com/jobs/view/conseiller%C2%B7%C3%A8re-client%C3%A8le-individuelle-at-lexton-stanley-4436489539,Conseiller·ère clientèle individuelle,Lexton Stanley,posted,2026-07-07T01:56:27.160283,155
6e13f57245af4219,https://ch.linkedin.com/jobs/view/customer-marketing-intern-at-coty-4434328134,Customer Marketing Intern,,scraped,2026-07-07T01:56:29.820690,
71bc5dd264e77642,https://ch.linkedin.com/jobs/view/senior-director-international-fp-a-at-mirum-pharmaceuticals-inc-4412848558,"Senior Director, International FP&A","Mirum Pharmaceuticals, Inc.",posted,2026-07-07T01:56:42.820032,157
982962e3e9c70649,https://ch.linkedin.com/jobs/view/responsable-de-l-usinage-et-du-d%C3%A9bitage-h-f-at-kgressources-ltd-4436797718,Responsable de l'usinage et du débitage (h/f),,scraped,2026-07-07T01:56:45.699426,
b4851870cca389f0,https://ch.linkedin.com/jobs/view/data-engineer-at-tradition-4433105232,Data Engineer,,scraped,2026-07-07T01:57:23.040192,
12dae78198598e35,https://ch.linkedin.com/jobs/view/geneva-commercial-graduate-programme-at-trafigura-4435547643,Geneva Commercial Graduate Programme,,scraped,2026-07-07T01:57:30.735079,
d9f6024b5045bf75,https://ch.linkedin.com/jobs/view/idraulico-imp-sanitari-at-pemsa-svizzera-4435456516,IDRAULICO Imp. Sanitari,,scraped,2026-07-07T01:57:37.802406,
a1c6e6f54b87e337,https://ch.linkedin.com/jobs/view/assistant-e-rh-at-service-de-l-orientation-professionnelle-sopfa-amt-f%C3%BCr-berufsberatung-bea-4436000151,Assistant-e RH,,scraped,2026-07-07T01:57:44.938574,
db0c116d39d4a0a6,https://ch.linkedin.com/jobs/view/market-manager-sleep-midwest-at-betternight-4435229658,"Market Manager, Sleep: Midwest",,scraped,2026-07-07T01:57:52.929350,
04a51472545baf0a,https://ch.linkedin.com/jobs/view/administrateur-postes-clients-h-f-at-finders-sa-4433933717,Administrateur postes-clients (H/F),,scraped,2026-07-07T01:58:06.140386,
bcdb2805e19e1592,https://ch.linkedin.com/jobs/view/fachmann-frau-betreuung-fabe-at-cognita-schools-4436756086,FachMann/Frau-Betreuung (FaBe),,scraped,2026-07-07T01:58:13.717030,
f85945ff467096cb,https://ch.linkedin.com/jobs/view/filialleiter-store-manager-w-m-d-tw-thun-at-tally-weijl-4436269559,Filialleiter / Store Manager (w/m/d) TW Thun,,scraped,2026-07-07T01:58:21.150024,
e2f8125cf89274fc,https://ch.linkedin.com/jobs/view/pl%C3%A2trier-cfc-ou-exp%C3%A9riment%C3%A9-at-valais4you-4436909940,Plâtrier CFC ou Expérimenté,,scraped,2026-07-07T01:58:27.541805,
8ceb21d8f77775d3,https://ch.linkedin.com/jobs/view/staff-house-cleaner-f-m-d-at-kempinski-hotels-4433662509,Staff House Cleaner (f/m/d),,scraped,2026-07-07T01:58:34.826110,
4228bfec2a403d5c,https://ch.linkedin.com/jobs/view/demi-chef-de-partie-h-f-commis-de-cuisine-maison-d%C3%A9cotterd-at-relais-ch%C3%A2teaux-4432789058,Demi Chef de Partie (H/F) /commis de cuisine Maison Décotterd,,scraped,2026-07-07T01:58:42.775823,
4a8473477e8b1e5c,https://ch.linkedin.com/jobs/view/konstrukteur-m-w-d-at-jaeggi-4432796765,Konstrukteur (m/w/d)*,,scraped,2026-07-07T01:58:50.296796,
b5b5e2ba1b4e602f,https://ch.linkedin.com/jobs/view/remote-social-media-manager-%E2%80%93-freelance-contract-at-twine-4427380423,Remote Social Media Manager – Freelance Contract,,scraped,2026-07-07T01:58:57.409123,
51bf350cb5bb695b,https://ch.linkedin.com/jobs/view/r%C3%A9ceptionniste-et-assistant-e-fr-ang-at-michael-page-4437470150,Réceptionniste et assistant(e) (FR/ANG),Michael Page,posted,2026-07-07T01:59:12.393590,159
f1ccb6676df9e30a,https://ch.linkedin.com/jobs/view/projektleiter-ladenbau-innenausbau-100%25-m-w-d-at-obrist-interior-ag-4433192398,Projektleiter Ladenbau/Innenausbau 100% (m/w/d),,scraped,2026-07-07T01:59:15.269103,
57ef570091916487,https://ch.linkedin.com/jobs/view/deputy-director-at-international-bridges-to-justice-ibj-4411473001,Deputy Director,,scraped,2026-07-07T01:59:22.722549,
c21370cc084cf314,https://ch.linkedin.com/jobs/view/educateur-trice-de-l%E2%80%99enfance-at-babilou-4437193592,Educateur/trice de l’enfance,,scraped,2026-07-07T01:59:29.745948,
3ca280068ec69e97,https://ch.linkedin.com/jobs/view/senior-digital-e-commerce-manager-at-hemro-group-4429303445,Senior Digital & E-Commerce Manager,,scraped,2026-07-07T01:59:37.071285,
5224749ebf29af1b,https://ch.linkedin.com/jobs/view/responsable-back-office-at-emmanuel-kuffer-flotte-automobile-mobilit%C3%A9-4435050989,Responsable Back Office,,scraped,2026-07-07T01:59:44.568593,
f0446fd284acec80,https://ch.linkedin.com/jobs/view/addetto-o-al-controllo-qualit%C3%A0-settore-metalmeccanico-at-randstad-switzerland-4432795080,Addetto/o al Controllo Qualità (settore metalmeccanico),,scraped,2026-07-07T02:00:03.637211,
e52a77fe4cbdfa2d,https://ch.linkedin.com/jobs/view/options-trader-all-at-bkw-ag-4437111985,Options Trader (all),,scraped,2026-07-07T02:00:10.321178,
cd228fc662c3b791,https://ch.linkedin.com/jobs/view/mitarbeiter-nicht-medizinischer-patiententransportdienst-m-w-d-abteilung-logistik-standort-kemperhof-in-koblenz-vollzeit-gz-service-koblenz-gmbh-at-gemeinschaftsklinikum-mittelrhein-4436929096,"Mitarbeiter nicht-medizinischer Patiententransportdienst (m/w/d), Abteilung Logistik Standort Kemperhof in Koblenz, Vollzeit, GZ Service Koblenz GmbH",,scraped,2026-07-07T02:00:16.885786,
82fdaa5791f675f4,https://ch.linkedin.com/jobs/view/juriste-at-etat-de-fribourg-staat-freiburg-4435291710,Juriste,,scraped,2026-07-07T02:00:24.279428,
41f4b613903687eb,https://ch.linkedin.com/jobs/view/supply-chain-analyst-at-the-timken-company-4436339090,Supply Chain Analyst,,scraped,2026-07-07T02:00:32.948232,
fd033f8e9bd4487f,https://ch.linkedin.com/jobs/view/general-services-employee-at-efg-international-4422971622,General Services Employee,EFG International,posted,2026-07-07T02:00:49.774177,161
72e25e5a14923820,https://ch.linkedin.com/jobs/view/veranlagungsexpertin-veranlagungsexperteneinkommens-und-verm%C3%B6genssteuern-at-kanton-thurgau-4433638243,Veranlagungsexpertin/VeranlagungsexpertenEinkommens- und Vermögenssteuern,Kanton Thurgau,posted,2026-07-07T02:01:27.024437,163
646137fcb3a22ead,https://ch.linkedin.com/jobs/view/training-development-specialist-guyana-and-suriname-at-halliburton-4436060913,Training & Development Specialist - Guyana and Suriname,,scraped,2026-07-07T02:01:29.314788,
997572a8e6242f98,https://ch.linkedin.com/jobs/view/on-call-driver-part-time-at-amac-aerospace-switzerland-ag-4435510952,On-call Driver (part-time),,scraped,2026-07-07T02:02:07.348909,
52a9ea2fb72e6015,https://ch.linkedin.com/jobs/view/sales-development-representative-at-cato-networks-4432381010,Sales Development Representative,,scraped,2026-07-07T02:02:14.649820,
a3be4db774f9de91,https://ch.linkedin.com/jobs/view/jr-fellow-research-jrfp-code-eu-2026-h845-studentjob-ch-at-jobster-4435790369,Jr. Fellow- Research(JRFP) (Code: EU-2026-H845) - Studentjob.ch,,scraped,2026-07-07T02:02:21.847823,
065a0f1de28e32ec,https://ch.linkedin.com/jobs/view/membre-de-la-direction-80-100%25-h-f-at-raiffeisen-jura-et-grand-chasseral-4436086002,Membre de la Direction (80-100%) (h/f),Raiffeisen Jura et Grand Chasseral,posted,2026-07-07T02:03:02.949812,165
d6c185a0699a2483,https://ch.linkedin.com/jobs/view/head-of-global-supply-chain-at-idorsia-pharmaceuticals-ltd-4429717069,Head of Global Supply Chain,,scraped,2026-07-07T02:03:05.619212,
c0c39fea6e16a344,https://ch.linkedin.com/jobs/view/founding-engineer-%E2%80%93-sf-hackerhouse-visa-sponsored-%243m-pre-seed-at-clera-4435803953,Founding Engineer – SF Hackerhouse (Visa sponsored; $3M pre-seed),Clera,posted,2026-07-07T02:03:19.177231,167
96853553117bbaeb,https://ch.linkedin.com/jobs/view/op%C3%A9rateur-en-horlogerie-op%C3%A9ratrice-en-horlogerie-at-valais4you-4436918352,Opérateur en horlogerie / Opératrice en horlogerie,,scraped,2026-07-07T02:03:21.812804,
01fc3c973be16386,https://ch.linkedin.com/jobs/view/marketing-assistant-bereich-schokolade-w-m-d-at-coop-4434657962,Marketing Assistant Bereich Schokolade (w/m/d),,scraped,2026-07-07T02:03:28.758245,
80dff9b3d7c45e2b,https://ch.linkedin.com/jobs/view/manager-d2c-commercial-performance-at-jobgether-4436092534,Manager D2C Commercial Performance,,scraped,2026-07-07T02:03:35.997495,
a80edad032fb20c2,https://ch.linkedin.com/jobs/view/engineering-manager-commercial-systems-at-jobgether-4435458069,"Engineering Manager, Commercial Systems",,scraped,2026-07-07T02:03:42.608212,
774ae8362b32058d,https://ch.linkedin.com/jobs/view/team-leader-it-h-f-%C3%A0-80-100%25-at-t%C3%A9l%C3%A9verbier-sa-4432776993,Team Leader IT (h/f) à 80 - 100%,,scraped,2026-07-07T02:03:49.045455,
bc0a97ea2749f9a9,https://ch.linkedin.com/jobs/view/freelance-animator-%E2%80%93-remote-contract-at-twine-4423129413,Freelance Animator – Remote Contract,,scraped,2026-07-07T02:03:56.331890,
d00a487e03719c21,https://ch.linkedin.com/jobs/view/franchising-partner-in-coop-pronto-mit-oder-ohne-tankstelle-at-coop-4426080622,Franchising Partner:in Coop Pronto mit oder ohne Tankstelle,,scraped,2026-07-07T02:04:02.212200,
17bdfbe41cb5aba7,https://ch.linkedin.com/jobs/view/schreiner-m-w-d-at-jobcourier-ch-4436057352,Schreiner (m/w/d),,scraped,2026-07-07T02:04:09.600956,
4729552c20490095,https://ch.linkedin.com/jobs/view/metzger-in-fleischfachfrau-fleischfachmann-at-coop-4435455195,Metzger:in (Fleischfachfrau / Fleischfachmann),,scraped,2026-07-07T02:04:17.901619,
ace15adabca06acb,https://ch.linkedin.com/jobs/view/specialista-domotica-digitalizzazione-at-swiss-federal-administration-4435548610,Specialista Domotica/digitalizzazione,,scraped,2026-07-07T02:04:24.642054,
dfcf1fd47d07ecf8,https://ch.linkedin.com/jobs/view/store-manager-trainee-a-100%25-f%C3%BCr-die-filiale-hinwil-studentjob-ch-at-jobster-4435780743,Store Manager Trainee (a) 100% für die Filiale Hinwil - Studentjob.ch,,scraped,2026-07-07T02:04:32.042632,
d669c8e8ebcf76bf,https://ch.linkedin.com/jobs/view/junior-production-overhead-controller-f-m-d-studentjob-ch-at-jobster-4435798260,Junior Production Overhead Controller (f/m/d) - Studentjob.ch,,scraped,2026-07-07T02:04:39.272817,
b36809ca8af75423,https://ch.linkedin.com/jobs/view/metzger-in-fleischfachfrau-fleischfachmann-at-coop-4435456198,Metzger:in (Fleischfachfrau / Fleischfachmann),,scraped,2026-07-07T02:04:46.371273,
99f26dc50789a549,https://ch.linkedin.com/jobs/view/dachdecker-efz-m-w-d-at-jobcourier-ch-4436059303,Dachdecker EFZ (m/w/d),,scraped,2026-07-07T02:04:53.442401,
b9f217caa116aadd,https://ch.linkedin.com/jobs/view/reifenpraktiker-in-region-z%C3%BCrich-at-jobcourier-ch-4435283770,Reifenpraktiker/-in (Region Zürich),,scraped,2026-07-07T02:05:02.470072,
6e529900c140ddea,https://ch.linkedin.com/jobs/view/metzger-in-fleischfachfrau-fleischfachmann-at-coop-4426082170,Metzger:in (Fleischfachfrau / Fleischfachmann),,scraped,2026-07-07T02:05:11.137169,
d23ebd40e87b0af0,https://ch.linkedin.com/jobs/view/consulente-patrimonio-junior-studentjob-ch-at-jobster-4435798136,Consulente patrimonio (junior) - Studentjob.ch,,scraped,2026-07-07T02:05:17.763485,
182f7706973203de,https://ch.linkedin.com/jobs/view/directeur-de-travaux-100%25-cdi-h-f-d-at-jobcourier-ch-4435720177,Directeur de travaux 100% CDI (H/F/D),,scraped,2026-07-07T02:05:24.611740,
585ad6f76d7495da,https://ch.linkedin.com/jobs/view/senior-receptionist-avec-%C3%A9volution-%C3%A0-front-office-manager-at-eringer-hotel-4436934618,Senior Receptionist (avec évolution à Front Office Manager),,scraped,2026-07-07T02:05:33.441793,
0043a75c6379e519,https://ch.linkedin.com/jobs/view/it-koordinator-in-80%E2%80%93100%25-at-dr-b%C3%A4hler-dropa-ag-4432395527,IT Koordinator*in (80–100%),,scraped,2026-07-07T02:05:39.863881,
54e2c0d659429f8a,https://ch.linkedin.com/jobs/view/global-product-manager-m-w-d-at-l%C3%A4derach-4413320543,Global Product Manager (m/w/d),,scraped,2026-07-07T02:05:47.215105,
0cc3c8aeee2be788,https://ch.linkedin.com/jobs/view/courtier-en-immobilier-at-betterhomes-schweiz-ag-4431934911,Courtier en immobilier,BETTERHOMES (Schweiz) AG,posted,2026-07-07T02:06:07.108810,169
41a2d75623791943,https://ch.linkedin.com/jobs/view/freelance-videographer-%E2%80%93-documentary-shoot-switzerland-at-twine-4423655028,Freelance Videographer – Documentary Shoot Switzerland,,scraped,2026-07-07T02:06:09.829958,
c506062f67e68893,https://ch.linkedin.com/jobs/view/chef-de-projet-en-serrurerie-f-h-at-jobcourier-ch-4434376859,Chef de projet en serrurerie (F/H),,scraped,2026-07-07T02:06:16.098104,
e4fc2c1083fb8140,https://ch.linkedin.com/jobs/view/head-of-global-media-content-at-barry-callebaut-group-4426948469,Head of Global Media & Content,Barry Callebaut Group,posted,2026-07-07T02:06:32.747336,171
ac3133f018cb7c36,https://ch.linkedin.com/jobs/view/senior-nutrition-health-administrative-assistant-at-nestl%C3%A9-4437154974,Senior Nutrition & Health Administrative Assistant,Nestlé,posted,2026-07-07T02:06:43.528081,173
